"group","n","mean_log2FC","median_log2FC","sd_log2FC"
"with_binding",685,-1.62486719851212,-1.23245911750187,1.21358222262298
"without_binding",3290,-1.2853399554629,-1.01083721585456,0.907600437936227
