"Category","Total_Peaks","Peaks_in_DMR","DMR_Overlap_Pct"
"Shared",4329,26,0.600600600600601
"TES_Unique",13217,75,0.567451010062798
"TEAD1_Unique",6681,36,0.538841490794791
