"comparison","overlap_count","jaccard_index"
"TES vs TESmut",5125,0.539587281532954
"TES vs TEAD1",5551,0.50285351934052
"TESmut vs TEAD1",6069,0.568471337579618
