"primary_category","n_genes","n_DEGs","pct_DEG","n_up","n_down","mean_log2FC","median_log2FC","mean_baseMean"
"Shared_TEAD1_dominant",387,211,54.52,82,129,-0.195456732303069,-0.08758125989794,855.191024510375
"Shared_TES_dominant",481,283,58.84,120,163,-0.0804615809429015,-0.0227382943721804,865.166827561438
"Shared_equivalent",241,124,51.45,54,70,-0.0102030912446331,-0.00419985719150838,963.258433755487
"Shared_high",419,251,59.9,110,141,-0.0523767431843653,-0.0926176233833886,1107.3175867313
"TEAD1_unique",3928,2178,55.45,938,1240,-0.0409313671438406,-0.0365843999062462,1030.99422595033
"TES_unique",1921,1086,56.53,484,602,-0.0230595239951018,0.0127014435694839,872.25582596384
"Unbound",26582,8235,30.98,4524,3711,0.187234738037979,0.107401009741547,292.993224576126
