"category","location_type","n_genes","n_DEGs","pct_DEG","mean_log2FC","median_log2FC","sd_log2FC"
"Shared_equivalent","Distal_Enhancer",1156,632,54.67,0.0785724199784643,-0.0157560312593122,1.65564915898707
"Shared_equivalent","Promoter",917,601,65.54,-0.498554377989807,-0.38982853637147,1.65895165373769
"Shared_equivalent","Proximal_Enhancer",752,439,58.38,-0.0614823175450738,-0.0097236966526735,1.59572530909077
"TEAD1_unique","Distal_Enhancer",1604,881,54.93,0.0518581013875236,0.0253014023312535,1.60677139206807
"TEAD1_unique","Promoter",2217,1329,59.95,-0.266704856829275,-0.177140260147047,1.47934351748463
"TEAD1_unique","Proximal_Enhancer",1239,660,53.27,-0.00208541075795863,-0.0425536464436275,1.48949801104778
"TES_unique","Distal_Enhancer",1349,742,55,0.020217406654592,-0.0188374570013426,1.60836851669357
"TES_unique","Promoter",1005,628,62.49,-0.285665501555886,-0.177529008427908,1.51860828865829
"TES_unique","Proximal_Enhancer",872,532,61.01,-0.195446898683023,-0.0478813312233164,1.62597802126914
