"category","location_type","n_genes","n_DEGs","pct_DEG","mean_log2FC","median_log2FC","sd_log2FC"
"Shared_equivalent","Distal_Enhancer",1160,637,54.91,0.0758805305706358,-0.0184170387692107,1.65762302470054
"Shared_equivalent","Promoter",912,600,65.79,-0.507152292838208,-0.393341993739574,1.66057943865086
"Shared_equivalent","Proximal_Enhancer",750,438,58.4,-0.0629604350972989,-0.0097236966526735,1.59445399469896
"TEAD1_unique","Distal_Enhancer",1608,887,55.16,0.0594661314650806,0.0265544362648613,1.60809321692363
"TEAD1_unique","Promoter",2208,1330,60.24,-0.267890855261686,-0.177334634287478,1.48091024562905
"TEAD1_unique","Proximal_Enhancer",1241,662,53.34,-0.00517522803840609,-0.0434883790285264,1.48845364362432
"TES_unique","Distal_Enhancer",1348,744,55.19,0.0141462316728657,-0.0186840455453815,1.61884872508854
"TES_unique","Promoter",1001,629,62.84,-0.280309388770479,-0.177529008427908,1.5204761433372
"TES_unique","Proximal_Enhancer",867,531,61.25,-0.196467538681467,-0.0510362416371059,1.61972878941641
