"binding_pattern","n_genes","n_DEGs","pct_DEG","mean_log2FC","median_log2FC"
"Both",1395,923,66.16,-0.429566554586726,-0.335717035447587
"Enhancer Only",3832,1979,51.64,0.166661457750707,0.0745212610164573
"Promoter Only",2150,1231,57.26,-0.178244509026444,-0.10356263039642
