"binding_pattern","n_genes","n_DEGs","pct_DEG","mean_log2FC","median_log2FC"
"Both",1524,1005,65.94,-0.431309747465096,-0.341623781323593
"Enhancer Only",3832,1979,51.64,0.166661457750707,0.0745212610164573
"Promoter Only",2021,1149,56.85,-0.160888165719213,-0.0678725892488423
